v_id,lon,lat,typ,voltage,frequency,name,operator,ref,wkt_srid_4326
1,9.52257601112577,52.3604090734199,substation,220000;110000,50,Hannover/West,TenneT;EON_Netz,,SRID=4326;POINT(9.52257601112577 52.3604090734199)
2,9.11321011483187,52.5438533448625,substation,220000,50,Umspannwerk Kraftwerk Robert Frank,TenneT,,SRID=4326;POINT(9.11321011483187 52.5438533448625)
3,9.38974515063535,52.0263130791669,substation,380000;110000,50,UW Grohnde 380 kV / 110 kV,TenneT,,SRID=4326;POINT(9.38974515063535 52.0263130791669)
4,9.12526574244048,52.5382641233458,substation,380000;220000,50,Landesbergen,TenneT TSO GmbH,,SRID=4326;POINT(9.12526574244048 52.5382641233458)
5,10.366274939217,52.2846467643429,substation,380000;220000,50,Wahle,TenneT,,SRID=4326;POINT(10.366274939217 52.2846467643429)
6,9.91814868737007,52.3799963378317,substation,220000;110000,50,TenneT TSO GmbH - Betriebszentrum Lehrte,TenneT_TSO,,SRID=4326;POINT(9.91814868737007 52.3799963378317)
7,9.9171797569037,52.2781686248742,substation,380000;110000,50,Algermissen,TenneT,,SRID=4326;POINT(9.9171797569037 52.2781686248742)
8,10.4149924241538,53.4126068813272,substation,380000;110000,,Krümmel,50Hertz,,SRID=4326;POINT(10.4149924241538 53.4126068813272)
9,10.3787706356666,53.2197927695925,substation,380000;110000,50,Lüneburg,EON_Netz,LUEN,SRID=4326;POINT(10.3787706356666 53.2197927695925)
10,12.9416466491702,52.5621144028949,substation,380000;220000;110000,,Wustermark,50Hertz Transmission GmbH;E.ON edis AG,Wu,SRID=4326;POINT(12.9416466491702 52.5621144028949)
11,13.2061030014846,52.6571363047161,substation,220000,50,Hennigsdorf,50Hertz Transmission,,SRID=4326;POINT(13.2061030014846 52.6571363047161)
12,13.709669749528,52.5397952998981,substation,380000;220000;110000,50,Neuenhagen,50Hertz Transmission GmbH,NHG TCC,SRID=4326;POINT(13.709669749528 52.5397952998981)
13,11.3704263094168,48.2914922548393,substation,380000;220000;110000,,Umspannwerk Oberbachern,TenneT TSO GmbH;E.ON Netz GmbH,OBA,SRID=4326;POINT(11.3704263094168 48.2914922548393)
14,11.8132329291411,48.2212664672329,substation,220000;110000,,Umspannwerk Neufinsing,'TenneT TSO GmbH, E.ON Netz GmbH',NFI,SRID=4326;POINT(11.8132329291411 48.2212664672329)
15,11.868156362746,48.206802931481,substation,380000;220000,50,Umspannwerk Ottenhofen,TenneT TSO GmbH,OH,SRID=4326;POINT(11.868156362746 48.206802931481)
16,10.7610404155909,52.3677293936344,substation,380000,50,Umspannwerk Hattorf,EON_Netz,,SRID=4326;POINT(10.7610404155909 52.3677293936344)
17,13.4947634286677,52.5897644694349,substation,380000;110000,50,Umspannwerk Malchow,50Hertz;Stromnetz Berlin,MOW,SRID=4326;POINT(13.4947634286677 52.5897644694349)
18,13.6834769799404,54.1390906728297,substation,380000;220000,,Umspannwerk Lubmin,50Hertz,,SRID=4326;POINT(13.6834769799404 54.1390906728297)
19,11.2939727766244,48.0520427780619,substation,220000;110000,,Umspannwerk Oberbrunn,'TenneT TSO GmbH, E.ON Netz GmbH',OBR,SRID=4326;POINT(11.2939727766244 48.0520427780619)
20,9.98460987842098,53.7411288196703,substation,380000;220000;110000,50,Umspannwerk Hamburg-Nord,50Hertz Transmission,,SRID=4326;POINT(9.98460987842098 53.7411288196703)
21,10.1575057595216,53.5551266364644,substation,380000;110000,50,Umspannwerk Hamburg/Ost,50Hertz Transmission;Stromnetz Hamburg GmbH,,SRID=4326;POINT(10.1575057595216 53.5551266364644)
22,9.20210266340539,53.8951623622383,substation,380000;220000;110000,50,Umspannwerk Kernkraftwerk Brunsbüttel,50Hertz Transmission,,SRID=4326;POINT(9.20210266340539 53.8951623622383)
23,9.98853665499904,53.7662776782512,substation,220000;110000;30000,50,Hamburg Nord,TenneT;Schleswig-Holstein Netz AG,,SRID=4326;POINT(9.98853665499904 53.7662776782512)
24,9.72699275106814,54.2914209859116,substation,220000;110000,50,Audorf,TenneT;Schleswig-Holstein Netz AG,,SRID=4326;POINT(9.72699275106814 54.2914209859116)
25,9.34476101692227,53.9218370813918,substation,380000,50,Umspannwerk Wilster,TenneT,,SRID=4326;POINT(9.34476101692227 53.9218370813918)
26,9.34400181356048,53.8517774981988,substation,380000;220000,,Brokdorf,TenneT,,SRID=4326;POINT(9.34400181356048 53.8517774981988)
27,9.52960514781347,53.618990731832,substation,220000;110000,50,Stade,,,SRID=4326;POINT(9.52960514781347 53.618990731832)
28,9.77654483603303,53.6906352940911,substation,220000;110000,50,Kummerfeld,TenneT,,SRID=4326;POINT(9.77654483603303 53.6906352940911)
29,10.3822011082464,52.9932426669735,substation,380000,50,Stadorf,TenneT,,SRID=4326;POINT(10.3822011082464 52.9932426669735)
30,9.50178971212981,53.5428143880013,substation,380000;220000;110000,50,Dollern,,,SRID=4326;POINT(9.50178971212981 53.5428143880013)
31,9.74615085631454,50.9168400022101,substation,380000;110000,50,Mecklar,EON_Netz,,SRID=4326;POINT(9.74615085631454 50.9168400022101)
32,11.1228546271538,50.9989090757631,substation,380000;220000;110000,50,Umspannwerk Vieselbach,50Hertz Transmission GmbH,,SRID=4326;POINT(11.1228546271538 50.9989090757631)
33,10.3859411718194,51.0018133141165,substation,380000;110000,50,Eisenach,50Hertz,,SRID=4326;POINT(10.3859411718194 51.0018133141165)
34,8.122642304058,53.5605160665145,substation,380000;220000,50,Umspannwerk Maade,TenneT,MAAD,SRID=4326;POINT(8.122642304058 53.5605160665145)
35,8.08565060815886,53.6058342194744,substation,220000;110000,50,Voslapp,TenneT;EON_Netz,VOSL,SRID=4326;POINT(8.08565060815886 53.6058342194744)
36,8.06005701182283,53.6202026205826,substation,220000;155000,50,Inhausen,TenneT,INHA,SRID=4326;POINT(8.06005701182283 53.6202026205826)
37,11.6389126099956,52.2687358982154,substation,380000;220000,,Umspannwerk Wolmirstedt,50Hertz Transmission GmbH,,SRID=4326;POINT(11.6389126099956 52.2687358982154)
38,13.2115276810432,52.5806278358522,substation,380000;110000,50,Teufelsbruch,50Hertz Transmission,,SRID=4326;POINT(13.2115276810432 52.5806278358522)
39,11.727353429381,52.5689470103264,substation,380000;110000,50,Stendal/West,50Hertz Transmission GmbH,StW,SRID=4326;POINT(11.727353429381 52.5689470103264)
40,13.1433929675199,53.9081470154338,substation,380000;110000,50,Siedenbrünzow,50Hertz Transmission GmbH,,SRID=4326;POINT(13.1433929675199 53.9081470154338)
41,11.8531051573669,53.0865440610132,substation,380000;110000,,Umspannwerk Perleberg,50Hertz;EON_Avacon,,SRID=4326;POINT(11.8531051573669 53.0865440610132)
42,12.1869848529515,53.8157751978716,substation,380000;220000,50,Güstrow,50Hertz,,SRID=4326;POINT(12.1869848529515 53.8157751978716)
43,12.4993660253653,52.4052284426773,substation,220000;110000,,Brandenburg-West,50Hertz Transmission GmbH,,SRID=4326;POINT(12.4993660253653 52.4052284426773)
44,13.5061280249068,52.4738227039188,substation,220000;110000,50,Umspannwerk Wuhlheide,50Hertz;Vattenfall Europe AG,,SRID=4326;POINT(13.5061280249068 52.4738227039188)
45,13.3057533352426,52.2307818607751,substation,380000;220000;110000,50,Thyrow,50Hertz Transmission GmbH,,SRID=4326;POINT(13.3057533352426 52.2307818607751)
46,13.5241987812625,52.5356343208068,substation,380000;220000;110000,50,Umspannwerk Marzahn,50Hertz,MZA9,SRID=4326;POINT(13.5241987812625 52.5356343208068)
47,13.4564307414427,52.521451771614,substation,380000;110000,50,Umspannwerk Friedrichshain,Vattenfall Europe AG;50Hertz,,SRID=4326;POINT(13.4564307414427 52.521451771614)
48,13.5370284535837,52.5374809881862,substation,110000,50,Umspannwerk Biesdorf Nord,Stromnetz Berlin,BIN,SRID=4326;POINT(13.5370284535837 52.5374809881862)
49,10.9993330683763,52.2001420103124,substation,380000;110000,,Umspannwerk Helmstedt,TenneT TSO GmbH,,SRID=4326;POINT(10.9993330683763 52.2001420103124)
50,10.9772332757472,52.1694333350195,plant,,,Kraftwerk Buschhaus,E.ON Kraftwerke GmbH,,SRID=4326;POINT(10.9772332757472 52.1694333350195)
51,9.25938384941478,51.0603668957955,substation,380000;110000,50,Umspannwerk Borken,TenneT,,SRID=4326;POINT(9.25938384941478 51.0603668957955)
52,8.31334018942867,49.0090434774209,substation,380000;220000;110000,50,Karlsruhe-Daxlanden,EnBW,,SRID=4326;POINT(8.31334018942867 49.0090434774209)
53,7.75349549403634,48.0993557332288,substation,380000;220000;110000,50,380-kV-Umspannwerk Eichstetten,EnBW,,SRID=4326;POINT(7.75349549403634 48.0993557332288)
54,8.4384675602346,49.2524597535318,plant,,,Kernkraftwerk Philippsburg,EnBW Kernkraft GmbH,,SRID=4326;POINT(8.4384675602346 49.2524597535318)
55,8.51211173756804,49.2939665911691,substation,220000;110000,50,Umspannwerk Altlußheim,Netze BW GmbH;Transnet BW GmbH,,SRID=4326;POINT(8.51211173756804 49.2939665911691)
56,8.62320969485988,49.356582256425,substation,380000;220000,50,Umspannwerk Neurott,EnBW,,SRID=4326;POINT(8.62320969485988 49.356582256425)
57,8.44554253599103,48.9860882032815,substation,220000;110000,50,Umspannwerk Oberwald,,,SRID=4326;POINT(8.44554253599103 48.9860882032815)
58,8.64158407529801,48.8900525292561,substation,220000;110000,50,220 kV-Umspannwerk Birkenfeld,EnBW,,SRID=4326;POINT(8.64158407529801 48.8900525292561)
59,8.56374402466983,53.0317216060084,substation,380000;110000,50,Ganderkesee,TenneT;EON_Netz;EWE,GANK,SRID=4326;POINT(8.56374402466983 53.0317216060084)
60,8.47470705828713,53.4286512121137,substation,380000;220000;110000,50,Unterweser,EON_Netz,UWES,SRID=4326;POINT(8.47470705828713 53.4286512121137)
61,8.51888183670623,53.2026352879915,substation,110000,50,Umspannwerk Farge,Avacon AG,FARG,SRID=4326;POINT(8.51888183670623 53.2026352879915)
62,8.82002488536158,53.1073883123751,substation,220000;110000,50,Umspannwerk Blockland,swb Netze GmbH & Co. KG,,SRID=4326;POINT(8.82002488536158 53.1073883123751)
63,8.12061826655718,48.7053527235337,substation,220000;110000,50,Bühl,EnBW,,SRID=4326;POINT(8.12061826655718 48.7053527235337)
64,11.4407746571386,48.1718035686213,substation,380000;110000,,Hauptumspannwerk Menzing,Stadtwerke München,MZ,SRID=4326;POINT(11.4407746571386 48.1718035686213)
65,13.3264050703954,50.3463722141376,substation,400000;220000,,Hradec,ČEPS,,SRID=4326;POINT(13.3264050703954 50.3463722141376)
66,12.1147699347953,49.6311522364994,substation,380000;110000,,Umspannwerk Etzenricht,Tennet;EON_Netz,ETZ,SRID=4326;POINT(12.1147699347953 49.6311522364994)
67,8.69516076534637,53.0925361336519,substation,380000;110000,50,Niedervieland,Wesernetz,NVLD,SRID=4326;POINT(8.69516076534637 53.0925361336519)
68,8.77244299222179,49.9746686767501,substation,380000;220000;110000,,Umspannwerk Urberach,RWE,,SRID=4326;POINT(8.77244299222179 49.9746686767501)
69,8.41937108566179,49.6337357665925,substation,380000;220000,50,Station Bürstadt,RWE,,SRID=4326;POINT(8.41937108566179 49.6337357665925)
70,8.38855643052221,49.9823050863709,substation,380000;110000,,Umspannstation Bischofsheim,RWE; Kraftwerke Mainz-Wiesbaden,,SRID=4326;POINT(8.38855643052221 49.9823050863709)
71,12.262173544509,51.7410202813412,substation,380000;110000,50,Umspannwerk Marke,50Hertz,,SRID=4326;POINT(12.262173544509 51.7410202813412)
72,11.8942662085419,51.4057031779769,substation,380000;110000,50,Umspannwerk Lauchstädt,50Hertz;enviaM,,SRID=4326;POINT(11.8942662085419 51.4057031779769)
73,13.1570905224719,51.8284516784236,substation,380000,50,Umspannwerk Schönewalde,50Hertz,,SRID=4326;POINT(13.1570905224719 51.8284516784236)
74,13.9024347133056,51.874723530085,substation,380000;110000,50,Umspannwerk Ragow,50Hertz,RAG,SRID=4326;POINT(13.9024347133056 51.874723530085)
75,11.5165549994374,51.5843592162484,substation,380000;110000,50,Umspannwerk Klostermansfeld,50Hertz,,SRID=4326;POINT(11.5165549994374 51.5843592162484)
76,8.70221847039735,51.7363525890089,substation,380000;110000,,Umspannwerk Elsen,TenneT,,SRID=4326;POINT(8.70221847039735 51.7363525890089)
77,8.99279243937742,51.3430094105575,substation,380000;110000,50,Umspannwerk Twistetal,Eon_Netz,,SRID=4326;POINT(8.99279243937742 51.3430094105575)
78,11.6463786860412,50.5348769896165,substation,380000;220000;110000,50,Umspannwerk Remptendorf,50Hertz Transmission GmbH,RDF;RE,SRID=4326;POINT(11.6463786860412 50.5348769896165)
79,14.4719654746961,51.5538127702297,substation,380000;110000,50,Graustein,50Hertz_Transmission;enviaM,GRS,SRID=4326;POINT(14.4719654746961 51.5538127702297)
80,14.5081092115389,51.4137104048148,substation,380000,50,Umspannwerk Bärwalde,50Hertz,,SRID=4326;POINT(14.5081092115389 51.4137104048148)
81,14.4281805295455,51.888864175856,substation,380000;110000,50,Umspannwerk Preilack,50Hertz,PRL,SRID=4326;POINT(14.4281805295455 51.888864175856)
82,8.14191383627294,53.5640011817982,plant,,,Uniper Kraftwerk Wilhelmshaven,EON_Netz,,SRID=4326;POINT(8.14191383627294 53.5640011817982)
83,10.1562825155965,54.2755482828972,substation,220000;110000,50,Kiel-Süd,EON_Netz;TenneT,,SRID=4326;POINT(10.1562825155965 54.2755482828972)
84,10.1773541417844,54.3395212774033,generator,,,Gemeinschaftskraftwerk Kiel,E.ON Kraftwerke GmbH;Stadtwerke Kiel AG,,SRID=4326;POINT(10.1773541417844 54.3395212774033)
85,7.03496796550368,52.2028607768236,substation,380000;220000;110000,,Station Gronau,RWE,,SRID=4326;POINT(7.03496796550368 52.2028607768236)
86,7.30824781629083,52.4767901583642,substation,380000;220000;110000,50,Hanekenfähr,Amprion,,SRID=4326;POINT(7.30824781629083 52.4767901583642)
87,7.06034476225792,51.6964980793073,substation,380000;220000;110000,50,Station Kusenhorst,RWE,,SRID=4326;POINT(7.06034476225792 51.6964980793073)
88,6.67467535942029,51.324957491388,substation,220000;110000,,Station Gellep,RWE,,SRID=4326;POINT(6.67467535942029 51.324957491388)
89,6.72376717933502,51.3556543954881,substation,220000;110000,50,Station Mündelheim,RWE,,SRID=4326;POINT(6.72376717933502 51.3556543954881)
90,7.54571775348996,51.9703244532995,substation,380000;110000,50,Station Roxel,RWE,,SRID=4326;POINT(7.54571775348996 51.9703244532995)
91,7.30460120682915,52.4817909166958,plant,,,Erdgaskraftwerk Emsland,RWE AG,,SRID=4326;POINT(7.30460120682915 52.4817909166958)
92,7.30433880131157,52.4824259961208,substation,380000,,,,,SRID=4326;POINT(7.30433880131157 52.4824259961208)
93,7.27715397426964,52.7532426203196,substation,380000;110000,50,Meppen,TenneT,MEPP,SRID=4326;POINT(7.27715397426964 52.7532426203196)
94,8.30775696202904,52.3456357754793,substation,380000;220000;110000,50,Wehrendorf,Amprion,,SRID=4326;POINT(8.30775696202904 52.3456357754793)
95,7.88957673752775,52.2773967844269,substation,380000;220000;110000,50,Station Westerkappeln,Amprion,,SRID=4326;POINT(7.88957673752775 52.2773967844269)
96,7.31784997667688,52.4691115144199,substation,220000,50,Benteler Stahlwerk,,,SRID=4326;POINT(7.31784997667688 52.4691115144199)
97,13.3352804208787,49.5896898733245,substation,400000;220000;110000,50,Rozvodna Přeštice,ČEPS,,SRID=4326;POINT(13.3352804208787 49.5896898733245)
98,12.2147735094259,54.1003234808405,substation,380000,50,Bentwisch HGÜ,50Hertz Transmission,,SRID=4326;POINT(12.2147735094259 54.1003234808405)
99,6.99647662277982,49.3754093214106,substation,380000;220000;110000,50,Umspannwerk Uchtelfangen,Amprion,,SRID=4326;POINT(6.99647662277982 49.3754093214106)
100,6.4747398132316,49.9224693104147,substation,380000;220000;110000,50,Station Niederstedem,Amprion; Westnetz,,SRID=4326;POINT(6.4747398132316 49.9224693104147)
101,11.6993927384808,53.5722744896829,substation,380000,,Wessin,50Hertz,,SRID=4326;POINT(11.6993927384808 53.5722744896829)
102,11.3706374165175,53.6009910913085,substation,380000;110000,50,Görries,50Hertz;EON_edis,Gös,SRID=4326;POINT(11.3706374165175 53.6009910913085)
103,6.94821096676896,51.4445758936096,substation,380000;110000,,Station Rosenblumendelle,RWE,,SRID=4326;POINT(6.94821096676896 51.4445758936096)
104,6.92675898550662,51.4992056970517,substation,380000;220000,50,Station Büscherhof,RWE,,SRID=4326;POINT(6.92675898550662 51.4992056970517)
105,6.68079563463015,51.6462972769253,substation,380000;220000;110000,,Station Niederrhein,RWE,,SRID=4326;POINT(6.68079563463015 51.6462972769253)
106,7.16721463545721,51.3899067765993,substation,380000;220000;110000,50,Station Hattingen,Amprion,,SRID=4326;POINT(7.16721463545721 51.3899067765993)
107,7.12557294579876,51.4489772806916,substation,380000;220000,50,Station Eiberg,RWE,,SRID=4326;POINT(7.12557294579876 51.4489772806916)
108,6.99606886995841,51.5141696109019,substation,380000;110000,50,Station Karnap,,,SRID=4326;POINT(6.99606886995841 51.5141696109019)
109,7.31318287435069,51.4466114132712,substation,380000,50,Witten,RWE,,SRID=4326;POINT(7.31318287435069 51.4466114132712)
110,7.99288732000281,51.6837077158762,substation,380000,50,Station Uentrop,RWE,,SRID=4326;POINT(7.99288732000281 51.6837077158762)
111,8.62480055555283,51.4278884079658,substation,380000;110000,50,Station Nehden,Amprion,,SRID=4326;POINT(8.62480055555283 51.4278884079658)
112,7.35311188155085,51.5758105365035,substation,380000,50,Station Mengede,RWE,,SRID=4326;POINT(7.35311188155085 51.5758105365035)
113,7.12323886855291,51.5256121997715,substation,380000;110000,50,Station Hüllen,RWE,,SRID=4326;POINT(7.12323886855291 51.5256121997715)
114,8.2117054289867,51.1779850077285,substation,380000;110000,50,Station Arpe,Amprion,,SRID=4326;POINT(8.2117054289867 51.1779850077285)
115,6.57648211320418,51.0555954842661,plant,,,RWE Kraftwerk Frimmersdorf,,,SRID=4326;POINT(6.57648211320418 51.0555954842661)
116,6.77252314401924,51.1471055233119,substation,220000;110000,50,Station Norf,,,SRID=4326;POINT(6.77252314401924 51.1471055233119)
117,6.97257748891579,50.795693016675,substation,380000;220000;110000,,Station Sechtem,RWE,,SRID=4326;POINT(6.97257748891579 50.795693016675)
118,7.13689471769255,50.6428608849405,substation,380000;110000,50,Station Ließem,Amprion,,SRID=4326;POINT(7.13689471769255 50.6428608849405)
119,6.45655251893853,50.8713380734833,substation,380000;110000,50,Station Oberzier,Net,,SRID=4326;POINT(6.45655251893853 50.8713380734833)
120,7.86394571439194,50.7682419302039,substation,380000;220000;110000,50,Station Dauersberg,RWE,,SRID=4326;POINT(7.86394571439194 50.7682419302039)
121,6.32166521557731,50.8383474955825,plant,,,RWE Kraftwerk Weisweiler,RWE,,SRID=4326;POINT(6.32166521557731 50.8383474955825)
122,6.16738172896202,50.8020443318383,substation,380000;110000,50,Station Verlautenheide,Amprion,,SRID=4326;POINT(6.16738172896202 50.8020443318383)
123,6.70219721289106,51.0088597430362,substation,380000;220000,50,Umspannwerk Rommerskirchen,RWE,,SRID=4326;POINT(6.70219721289106 51.0088597430362)
124,6.61240236819431,51.0359242961049,substation,380000;220000;110000,50,KW Neurath,,,SRID=4326;POINT(6.61240236819431 51.0359242961049)
125,6.96568445966487,51.0693295406357,substation,380000;220000;110000,,Station Opladen,RWE,,SRID=4326;POINT(6.96568445966487 51.0693295406357)
126,7.23319688909308,51.2325069074323,substation,380000;110000,50,Station Linde,RWE,,SRID=4326;POINT(7.23319688909308 51.2325069074323)
127,6.30090126366431,50.8289532360211,substation,380000;110000,50,Umspannwerk Weisweiler,,,SRID=4326;POINT(6.30090126366431 50.8289532360211)
129,6.62582903685647,51.2606112581148,substation,220000;110000,50,Station Osterath,RWE,,SRID=4326;POINT(6.62582903685647 51.2606112581148)
130,7.12308198261157,51.1715887959352,substation,380000;110000,50,Station Halfeshof,,,SRID=4326;POINT(7.12308198261157 51.1715887959352)
131,6.80109337218585,51.1225390893163,substation,380000;220000,50,Station Sankt Peter 380 kV,RWE,,SRID=4326;POINT(6.80109337218585 51.1225390893163)
132,7.00877917051357,51.1742549445955,substation,380000;110000,50,Station Ohligs,Amprion,,SRID=4326;POINT(7.00877917051357 51.1742549445955)
133,6.84265069037124,50.8635385173748,substation,380000;110000,,Station Knapsack,Amprion,,SRID=4326;POINT(6.84265069037124 50.8635385173748)
134,6.80461624403732,50.9662477744576,substation,220000;110000,,Station Brauweiler,RWE,,SRID=4326;POINT(6.80461624403732 50.9662477744576)
135,7.71862724482037,51.5342075253387,substation,380000;110000,,Station Unna,Amprion,,SRID=4326;POINT(7.71862724482037 51.5342075253387)
136,7.93077012209125,51.6729710114195,substation,380000,,Geithe,Trianel,,SRID=4326;POINT(7.93077012209125 51.6729710114195)
137,6.22183149094702,51.6946456455863,substation,220000;110000,,Station Pfalzdorf,RWE,,SRID=4326;POINT(6.22183149094702 51.6946456455863)
138,7.00674991840299,51.5999114356605,plant,,,Kraftwerk Scholven,,,SRID=4326;POINT(7.00674991840299 51.5999114356605)
139,7.03761992937395,51.5985496345954,substation,220000;110000,,Station Bergmannsglück,RWE,,SRID=4326;POINT(7.03761992937395 51.5985496345954)
140,7.26408347971959,51.5735734400302,substation,220000;110000,50,Station Pöppinghausen,Amprion,,SRID=4326;POINT(7.26408347971959 51.5735734400302)
141,7.27894732573719,51.4722814207425,substation,220000;110000,50,Station Laer,Amprion,,SRID=4326;POINT(7.27894732573719 51.4722814207425)
142,7.18667757416348,51.5505890861964,plant,,,Kraftwerk Herne Baukau,Evonik Industries AG,,SRID=4326;POINT(7.18667757416348 51.5505890861964)
143,7.35135789785079,51.5683686345539,plant,,,Kraftwerk Knepper,E.On Kraftwerke GmbH,,SRID=4326;POINT(7.35135789785079 51.5683686345539)
144,7.17937918293452,51.4722019618656,substation,220000;110000,,Station Bochum,Amprion,,SRID=4326;POINT(7.17937918293452 51.4722019618656)
145,6.93488872133436,51.033522366054,substation,220000;110000,50,UW Fühlingen,RheinEnergie,,SRID=4326;POINT(6.93488872133436 51.033522366054)
146,6.82804663323414,51.1626523772377,substation,220000;110000,50,Station Reisholz,,,SRID=4326;POINT(6.82804663323414 51.1626523772377)
147,7.50597986222128,51.4016012425797,substation,220000;110000,,Umspannwerk Garenfeld,markE,,SRID=4326;POINT(7.50597986222128 51.4016012425797)
148,6.84699935555237,51.2055917675691,substation,220000;110000,50,Station Eller,RWE;Stadtwerke Düsseldorf,,SRID=4326;POINT(6.84699935555237 51.2055917675691)
149,7.19316581458292,50.7983350844101,substation,220000;110000,,Station Siegburg,RWE,,SRID=4326;POINT(7.19316581458292 50.7983350844101)
150,7.04738454562441,50.9055286430507,substation,220000;110000,50,Station Gremberghoven,RWE,,SRID=4326;POINT(7.04738454562441 50.9055286430507)
151,6.7097559453279,51.0909324851035,substation,220000;110000,,Station Gohrpunkt,Amprion,,SRID=4326;POINT(6.7097559453279 51.0909324851035)
153,6.33000626218352,51.2429166388389,substation,380000;220000;110000,50,Station Dülken,RWE,,SRID=4326;POINT(6.33000626218352 51.2429166388389)
154,7.0235445515269,50.9990684211965,substation,220000,50,Station Dünnwald,,,SRID=4326;POINT(7.0235445515269 50.9990684211965)
155,7.72438409063489,51.4093341491518,substation,220000;110000,50,Umspannwerk Bixterheide,Amprion,,SRID=4326;POINT(7.72438409063489 51.4093341491518)
156,6.84223119628968,50.8598647273121,substation,380000;220000,,Kraftwerkschaltanlage Knapsack 1,,,SRID=4326;POINT(6.84223119628968 50.8598647273121)
157,8.36422958832611,51.9271205112378,substation,380000;220000;110000;10000,50,Umspannwerk Blankenhagen,Amprion,,SRID=4326;POINT(8.36422958832611 51.9271205112378)
158,6.48812326066423,50.8810703279012,substation,380000,50,Station Hambach,RWE,,SRID=4326;POINT(6.48812326066423 50.8810703279012)
159,8.05408740677995,53.332302708936,substation,380000;220000;110000,50,Conneforde,TenneT,CONN,SRID=4326;POINT(8.05408740677995 53.332302708936)
160,8.47791063608626,53.428485495717,substation,380000;220000,50,Kernkraftwerk Unterweser,EON_Netz,,SRID=4326;POINT(8.47791063608626 53.428485495717)
161,8.05283756803222,53.3338809660191,substation,220000;110000,50,Conneforde 110/220 kV,TenneT;EON_Netz,CONN,SRID=4326;POINT(8.05283756803222 53.3338809660191)
162,6.85153261718464,50.9841665158571,substation,220000;110000,50,Bocklemünd,,,SRID=4326;POINT(6.85153261718464 50.9841665158571)
163,6.59601984709512,50.9525274662191,substation,380000;110000,50,Station Paffendorf,Amprion,,SRID=4326;POINT(6.59601984709512 50.9525274662191)
164,7.33861261905923,51.6319781599433,substation,380000;110000,50;16.7,Schaltanlage Datteln 4,E.ON,,SRID=4326;POINT(7.33861261905923 51.6319781599433)
165,7.7083185190139,51.6762033258373,substation,380000;220000;110000,50,Station Gersteinwerk,Amprion,,SRID=4326;POINT(7.7083185190139 51.6762033258373)
166,7.61702105012869,51.6371337810622,plant,,,Kraftwerk Bergkamen,RWE; evonik,,SRID=4326;POINT(7.61702105012869 51.6371337810622)
167,7.52228012599778,51.5321980611413,substation,220000;110000,50,Station Wambel,Ampirion,,SRID=4326;POINT(7.52228012599778 51.5321980611413)
168,6.90660784108641,51.5652424548867,substation,380000;110000,50,Station Nordlicht,RWE; ELE,,SRID=4326;POINT(6.90660784108641 51.5652424548867)
169,6.96734395630657,51.490861901735,substation,220000,50,LMG,,,SRID=4326;POINT(6.96734395630657 51.490861901735)
170,6.87287367577891,51.4457833914382,substation,220000;110000,50,Styrum,,,SRID=4326;POINT(6.87287367577891 51.4457833914382)
171,6.86804500654219,51.374474803487,substation,220000;110000,,Station Selbeck,RWE,,SRID=4326;POINT(6.86804500654219 51.374474803487)
172,6.78752992543912,51.5055494229858,substation,220000;110000,50,Station Hamborn,Amprion,,SRID=4326;POINT(6.78752992543912 51.5055494229858)
173,6.62284324444971,51.2587133994989,substation,380000,50,Station Osterath,RWE,,SRID=4326;POINT(6.62284324444971 51.2587133994989)
174,6.81216589807283,51.5196200390464,substation,220000;110000,50,Station Handbach,Amprion,,SRID=4326;POINT(6.81216589807283 51.5196200390464)
175,6.72031004220211,51.391532581128,substation,220000,,Station Rheinhausen,Amprion,,SRID=4326;POINT(6.72031004220211 51.391532581128)
176,6.54240843928532,51.2994458346854,substation,220000;110000,50,Station Edelstahl Krefeld,,,SRID=4326;POINT(6.54240843928532 51.2994458346854)
177,13.078642146735,54.2848461827889,substation,220000;110000,,Umspannwerk Lüdershagen,50Hertz Transmission GmbH;E.ON edis AG,Lhg,SRID=4326;POINT(13.078642146735 54.2848461827889)
178,8.02029038221744,50.9236169231237,substation,220000,50,Setzer Wiese,RWE,,SRID=4326;POINT(8.02029038221744 50.9236169231237)
179,13.9570055873006,53.2521716356786,substation,380000;220000,,Bertikow,50Hertz Transmission GmbH,,SRID=4326;POINT(13.9570055873006 53.2521716356786)
180,14.2708346906575,53.0962865828729,substation,220000;110000,50,Vierraden,50Hertz Transmission GmbH,,SRID=4326;POINT(14.2708346906575 53.0962865828729)
181,14.0336963902155,53.507868594058,substation,220000;110000,,Pasewalk,50Hertz Transmission GmbH;E.ON edis AG,,SRID=4326;POINT(14.0336963902155 53.507868594058)
182,14.4762521312891,53.1967495435604,substation,400000;220000,,Stacja elektroenergetyczna "Krajnik" 400/220 kV,PSE Operator,KRA,SRID=4326;POINT(14.4762521312891 53.1967495435604)
183,9.90884756824768,53.4880466468098,substation,380000;110000,50,Umspannwerk Hamburg/Süd,50Hertz Transmission;Stromnetz Hamburg GmbH,,SRID=4326;POINT(9.90884756824768 53.4880466468098)
184,6.61738115554636,51.4757909650564,substation,380000;220000;110000,50,Station Utfort,Amprion,,SRID=4326;POINT(6.61738115554636 51.4757909650564)
185,6.65673523718494,51.3795236591475,substation,220000;110000,50,Uerdingen,,,SRID=4326;POINT(6.65673523718494 51.3795236591475)
186,6.71114528740106,51.5261875789907,substation,380000,50,Walsum Block 10,Amprion,,SRID=4326;POINT(6.71114528740106 51.5261875789907)
187,6.68934282070814,51.5764229278963,substation,380000,,Station Zensenbusch,Amprion,,SRID=4326;POINT(6.68934282070814 51.5764229278963)
188,6.72365238886558,51.3758458427716,generator,,,Kraftwerk Huckingen,,,SRID=4326;POINT(6.72365238886558 51.3758458427716)
189,8.61664770595698,48.0659538545522,substation,380000;110000,50,Umspannwerk Trossingen,,TRSNG,SRID=4326;POINT(8.61664770595698 48.0659538545522)
190,8.87294280093827,48.310091303568,substation,380000,50,EnBW Umspannwerk Engstlatt,EnBW,ENGST,SRID=4326;POINT(8.87294280093827 48.310091303568)
191,6.71525262621456,51.5267908744287,substation,220000;110000,50,Station Walsum,Amprion,,SRID=4326;POINT(6.71525262621456 51.5267908744287)
192,12.185765240779,53.8108598322992,substation,220000;110000,,Güstrow,EON_edis,,SRID=4326;POINT(12.185765240779 53.8108598322992)
193,6.7225698255489,51.4797877133457,substation,380000;220000;110000,50,Station Beeck,,,SRID=4326;POINT(6.7225698255489 51.4797877133457)
195,6.68310699520914,51.5756455198898,substation,220000,,Station Möllen,,,SRID=4326;POINT(6.68310699520914 51.5756455198898)
196,6.74541685133193,51.4986419229617,substation,220000,,,,,SRID=4326;POINT(6.74541685133193 51.4986419229617)
197,6.61427858001903,51.6186788195162,substation,220000;110000,50,,,,SRID=4326;POINT(6.61427858001903 51.6186788195162)
198,7.97065695307765,51.6768446919669,substation,380000,50,,,,SRID=4326;POINT(7.97065695307765 51.6768446919669)
199,7.44506932534523,51.6185001200754,substation,220000;110000,,Station Elmenhorst,Amprion,,SRID=4326;POINT(7.44506932534523 51.6185001200754)
200,6.73212494203963,51.4594437546532,substation,220000;110000,50,Station Ruhrort,Amprion,,SRID=4326;POINT(6.73212494203963 51.4594437546532)
201,9.25103429423424,53.1144323213021,substation,380000;220000;110000,50,Sottrum,EON_Netz,,SRID=4326;POINT(9.25103429423424 53.1144323213021)
202,7.32089264924598,52.4714572257118,plant,,,Kernkraftwerk Emsland,KKW Lippe-Ems,KKE,SRID=4326;POINT(7.32089264924598 52.4714572257118)
203,6.75917489922906,52.2488579210093,substation,'380000,110000',,Hengelo,TenneT,HGL,SRID=4326;POINT(6.75917489922906 52.2488579210093)
204,7.70635767084239,51.2785803248342,substation,220000;110000,,Elverlingsen,markE,,SRID=4326;POINT(7.70635767084239 51.2785803248342)
205,7.4503420737133,51.4136082478987,plant,,,Koepchenwerk,RWE Power AG,,SRID=4326;POINT(7.4503420737133 51.4136082478987)
206,6.63448170507317,51.0359799570641,plant,,,RWE Kraftwerk Neurath BoA Bl. F/G,,,SRID=4326;POINT(6.63448170507317 51.0359799570641)
207,7.60711615834737,51.8986046345034,substation,220000,50,Amelsbüren,Amprion,,SRID=4326;POINT(7.60711615834737 51.8986046345034)
208,7.40354445433039,51.6444495221964,substation,380000,50,Station Lippe,RWE,,SRID=4326;POINT(7.40354445433039 51.6444495221964)
209,8.9396926172441,52.4030332405173,substation,380000,50,Schaltanlage Ovenstädt,TenneT TSO GmbH,3018,SRID=4326;POINT(8.9396926172441 52.4030332405173)
210,9.40952036752961,52.0343166956609,plant,,,Kernkraftwerk Grohnde,Gemeinschaftskernkraftwerk Grohnde GmbH & Co. oHG,KWG,SRID=4326;POINT(9.40952036752961 52.0343166956609)
211,7.23579348811378,49.3693923811997,substation,380000,50,Mittelbexbach,Amprion,,SRID=4326;POINT(7.23579348811378 49.3693923811997)
212,6.81368434620717,49.7248341051075,substation,380000;110000,50,Station Osburg,Amprion; Westnetz,,SRID=4326;POINT(6.81368434620717 49.7248341051075)
213,8.58869053015616,49.8155140535631,substation,220000;110000,50,Umspannanlage Pfungstadt,RWE,,SRID=4326;POINT(8.58869053015616 49.8155140535631)
214,8.54716101729403,49.4405397603694,substation,220000;110000,50,Station Rheinau,Net,,SRID=4326;POINT(8.54716101729403 49.4405397603694)
215,8.40828876612783,49.5286235333031,substation,220000,50,BASF,,,SRID=4326;POINT(8.40828876612783 49.5286235333031)
216,9.19078746567264,48.9144168850357,substation,380000;220000;110000,50,Umspannstation Hoheneck Amprion,Amprion,,SRID=4326;POINT(9.19078746567264 48.9144168850357)
217,12.1320700033184,54.1424599150795,generator,,50,Kraftwerk Rostock,,,SRID=4326;POINT(12.1320700033184 54.1424599150795)
218,12.2135605906601,54.1119998916809,substation,220000;110000,50,Bentwisch,E.ON edis AG,Bw,SRID=4326;POINT(12.2135605906601 54.1119998916809)
219,8.57125886720865,52.1053649703152,substation,380000;110000,50,Eickum,TenneT,,SRID=4326;POINT(8.57125886720865 52.1053649703152)
220,8.6593729546501,51.9996101360209,substation,380000;220000;110000,50,Umspannwerk Bechterdissen,TenneT,,SRID=4326;POINT(8.6593729546501 51.9996101360209)
221,7.31136230953603,53.1257665914164,substation,380000;150000;110000,50;0,Diele,TenneT;EON_Netz,DIEL,SRID=4326;POINT(7.31136230953603 53.1257665914164)
222,6.94948404574031,53.1235378491255,substation,380000;220000,,Meeden,TenneT,MEE4,SRID=4326;POINT(6.94948404574031 53.1235378491255)
223,8.27327814627525,49.0293981037883,substation,220000;110000,50,Umspannwerk Maximiliansau,Pfalzwerke AG,,SRID=4326;POINT(8.27327814627525 49.0293981037883)
224,8.35233395252327,49.4212743450173,substation,220000;110000,50,Netzleitstelle Mutterstadt,Pfalzwerke,,SRID=4326;POINT(8.35233395252327 49.4212743450173)
225,7.72920204621049,49.4826474377754,substation,220000;110000,50,Otterbach,Amprion,,SRID=4326;POINT(7.72920204621049 49.4826474377754)
226,9.79733614300556,52.0008392548375,substation,220000;110000,50,Godenau,TenneT;EON_Netz,,SRID=4326;POINT(9.79733614300556 52.0008392548375)
227,10.0821573814608,48.2660901922742,substation,380000,50,Vöhringen Amprion,Ampirion,,SRID=4326;POINT(10.0821573814608 48.2660901922742)
228,8.62716128185002,49.5435952784092,substation,220000;110000,50,Umspannwerk Weinheim,,,SRID=4326;POINT(8.62716128185002 49.5435952784092)
229,8.50180857459037,49.4449115329164,substation,220000;110000,,Mannheim,,,SRID=4326;POINT(8.50180857459037 49.4449115329164)
230,10.3917760727113,48.51846091102,substation,380000,,Umspannwerk Gundelfingen,Amprion,,SRID=4326;POINT(10.3917760727113 48.51846091102)
231,7.95807590404246,47.595477987414,substation,380000;220000,50,Lastverteilung/Schaltanlage Kühmoos,Schluchseewerk AG,,SRID=4326;POINT(7.95807590404246 47.595477987414)
232,10.0837513310281,48.268867503254,substation,380000;220000;110000,50,Vöhringen LEW,LEW,Station Nr. 625,SRID=4326;POINT(10.0837513310281 48.268867503254)
233,9.88551515679306,48.3040743800139,substation,380000;220000;110000,50,Umspannwerk Dellmensingen,EnBW,,SRID=4326;POINT(9.88551515679306 48.3040743800139)
234,9.01340237137239,47.84534861265,substation,220000;110000,50,Umspannwerk Stockach,,,SRID=4326;POINT(9.01340237137239 47.84534861265)
235,8.25192553682682,47.6397698245713,substation,220000;110000,50,Umspannwerk Gurtweil,EnBW,,SRID=4326;POINT(8.25192553682682 47.6397698245713)
236,9.19675654948238,48.9129634543149,substation,220000;110000,50,Umspannwerk Hoheneck EnBW,EnBW,,SRID=4326;POINT(9.19675654948238 48.9129634543149)
238,6.6205356426611,49.7489386754597,substation,220000,50,Station Trier,Amprion,,SRID=4326;POINT(6.6205356426611 49.7489386754597)
239,6.70228544511704,49.8289944400988,substation,220000;110000,50,Station Quint,Amprion; Westnetz,,SRID=4326;POINT(6.70228544511704 49.8289944400988)
240,8.53151491196588,50.0478743425063,substation,380000,50,Station Kelsterbach,Amprion,,SRID=4326;POINT(8.53151491196588 50.0478743425063)
241,8.47137164222049,50.0972077629353,substation,380000;110000,50,Umspannwerk Kriftel,Amprion,,SRID=4326;POINT(8.47137164222049 50.0972077629353)
242,8.06573800300669,50.4060681719154,substation,380000;110000,,Station Limburg,'Amprion, Süwag',,SRID=4326;POINT(8.06573800300669 50.4060681719154)
243,8.53721905903123,50.078085052734,substation,220000;110000,50,,,,SRID=4326;POINT(8.53721905903123 50.078085052734)
244,8.54248104018428,50.0959883311322,substation,,,,,,SRID=4326;POINT(8.54248104018428 50.0959883311322)
245,8.98953621454728,50.0602551000841,substation,380000;110000,50,Karlstein,Amprion,,SRID=4326;POINT(8.98953621454728 50.0602551000841)
246,8.95870858956225,50.0826078209328,substation,380000;220000,50,Umspannwerk Großkrotzenburg,TenneT,,SRID=4326;POINT(8.95870858956225 50.0826078209328)
247,10.3633843211809,47.7383368357565,substation,380000;220000,50,Schaltanlage Leupolz,Amprion,,SRID=4326;POINT(10.3633843211809 47.7383368357565)
248,7.46150030545086,51.6146143296713,plant,,,Trianel Kraftwerk Lünen,Trianel,,SRID=4326;POINT(7.46150030545086 51.6146143296713)
249,7.71823231806437,51.6743422310609,generator,,,Gersteinwerk Block K,,,SRID=4326;POINT(7.71823231806437 51.6743422310609)
250,7.71554347208106,51.6736430903867,generator,,,Gersteinwerk Block F,,,SRID=4326;POINT(7.71554347208106 51.6736430903867)
251,7.71459457000395,51.6730996766998,generator,,,Gersteinwerk Block G,,,SRID=4326;POINT(7.71459457000395 51.6730996766998)
252,7.71270099798652,51.6726636796219,generator,,,Gersteinwerk Block I,,,SRID=4326;POINT(7.71270099798652 51.6726636796219)
253,7.98122158717143,51.6735262789774,substation,380000;110000,50,Station Lippborg,Amprion,,SRID=4326;POINT(7.98122158717143 51.6735262789774)
254,7.79256713751168,49.8105487905969,substation,220000;110000,50,Niederhausen,,,SRID=4326;POINT(7.79256713751168 49.8105487905969)
255,6.92013046576366,49.9705819072583,substation,220000;110000,,Station Wengerohr,Amprion; Westnetz,,SRID=4326;POINT(6.92013046576366 49.9705819072583)
256,6.75552343093251,49.3648696290977,substation,220000,50,Dieffeln,VSE,,SRID=4326;POINT(6.75552343093251 49.3648696290977)
257,8.41467466404663,49.7091468542437,plant,,,Kernkraftwerk Biblis,RWE,,SRID=4326;POINT(8.41467466404663 49.7091468542437)
258,9.88280432069129,51.5155075368656,substation,220000;110000,50,Umspannwerk Rosdorf,TenneT;AVACON,,SRID=4326;POINT(9.88280432069129 51.5155075368656)
259,9.85139361305404,51.6491352561387,substation,220000;110000,50,Hardegsen,TenneT;EON_Netz,,SRID=4326;POINT(9.85139361305404 51.6491352561387)
260,8.78579308261945,48.5837674313704,substation,380000;110000,50,Netze BW Umspannwerk Oberjettingen,Netze BW,OBJTT,SRID=4326;POINT(8.78579308261945 48.5837674313704)
261,9.04543499281662,48.9029620391364,substation,380000;220000;110000,50,380kV-Umspannwerk Pulverdingen,EnBW Transportnetze AG,,SRID=4326;POINT(9.04543499281662 48.9029620391364)
262,9.80131720045512,47.6525043492184,substation,380000,50,Umspannwerk Obermooweiler,,,SRID=4326;POINT(9.80131720045512 47.6525043492184)
263,9.81091693259485,47.1426453017769,substation,380000;220000,,Umspannwerk Bürs,Vorarlberger Illwerke AG,,SRID=4326;POINT(9.81091693259485 47.1426453017769)
264,9.42551240461559,48.06435084547,substation,380000;220000;110000,,Umspannwerk Herbertingen,EnBW,,SRID=4326;POINT(9.42551240461559 48.06435084547)
265,8.10495964382999,52.2642614054462,substation,220000;110000,50,Station Lüstringen,Amprion,,SRID=4326;POINT(8.10495964382999 52.2642614054462)
266,12.1301906386214,47.9131654927098,substation,220000,,Umspannwerk Marienberg,'Tennet TSO GmbH, E.ON Netz GmbH',,SRID=4326;POINT(12.1301906386214 47.9131654927098)
267,6.80182365898612,51.124788107918,substation,220000;110000,50,Station Sankt Peter 220 kV,RWE,,SRID=4326;POINT(6.80182365898612 51.124788107918)
268,7.98506747780853,50.8422254631609,substation,220000;110000,50,Station Eiserfeld,Amprion,,SRID=4326;POINT(7.98506747780853 50.8422254631609)
269,8.28486180869833,50.7590735041179,substation,380000;110000,50,Dillenburg,e.on;Mitte AG,,SRID=4326;POINT(8.28486180869833 50.7590735041179)
270,7.22423843379854,53.349927162548,substation,220000;110000,50,Emden-Borßum,TenneT;EON_Netz,EMDB,SRID=4326;POINT(7.22423843379854 53.349927162548)
271,7.20605287251855,53.3413192735744,substation,220000;110000,,Umspannwerk Kraftwerk Emden,,EMDE,SRID=4326;POINT(7.20605287251855 53.3413192735744)
272,9.31819528207498,54.7160494380133,substation,380000;220000;110000;20000,50,Flensburg,TenneT,FLEN,SRID=4326;POINT(9.31819528207498 54.7160494380133)
273,9.27063393311954,55.0370264929238,substation,400000;220000;150000,,400 kV Kassø,Energinet.dk,KAS,SRID=4326;POINT(9.27063393311954 55.0370264929238)
274,9.43342737750221,55.0187237565518,substation,220000;150000;60000,,150 kV Enstedværket,,,SRID=4326;POINT(9.43342737750221 55.0187237565518)
275,7.43348672766729,50.4365192111658,substation,220000,,,,,SRID=4326;POINT(7.43348672766729 50.4365192111658)
276,7.59330185837014,50.3859438273488,substation,380000;110000,,Station Koblenz,RWE,,SRID=4326;POINT(7.59330185837014 50.3859438273488)
277,8.12215705538293,53.5658323327544,substation,220000,50,Atlantic,,,SRID=4326;POINT(8.12215705538293 53.5658323327544)
278,11.5615085243446,52.1239035693175,substation,220000;110000,50,Magdeburg (50Hertz),50Hertz Transmission,,SRID=4326;POINT(11.5615085243446 52.1239035693175)
279,12.8139099558581,50.8579185289825,substation,380000;220000;110000,50,Umspannwerk Röhrsdorf,50Hertz,ROE,SRID=4326;POINT(12.8139099558581 50.8579185289825)
280,13.3823234132251,51.3559961800368,substation,380000;110000,50,Umspannwerk Streumen,50Hertz,STR,SRID=4326;POINT(13.3823234132251 51.3559961800368)
281,12.0449825821974,50.7812567747087,substation,380000;220000;110000,,Umspannwerk Weida,50Hertz,,SRID=4326;POINT(12.0449825821974 50.7812567747087)
282,12.518222136544,51.157072596162,substation,380000;220000;110000,50,Eula,50Hertz Transmission,,SRID=4326;POINT(12.518222136544 51.157072596162)
284,8.65666357652504,50.6057345116662,substation,380000;110000,50,Umspannwerk Gießen Nord,,,SRID=4326;POINT(8.65666357652504 50.6057345116662)
285,8.08162672435001,52.8586374919795,substation,220000,50,Cloppenburg 220 kV,TenneT,,SRID=4326;POINT(8.08162672435001 52.8586374919795)
286,9.56710206574622,51.325257359953,substation,220000;110000,50,Sandershausen,TenneT,,SRID=4326;POINT(9.56710206574622 51.325257359953)
287,7.74679252616918,52.2885115307228,substation,220000,,Kraftwerkschaltanlage Ibbenbüren,,,SRID=4326;POINT(7.74679252616918 52.2885115307228)
288,7.91072937298184,48.501288357463,substation,220000;110000,50,Umspannwerk Weier,EnBW,,SRID=4326;POINT(7.91072937298184 48.501288357463)
289,7.72570638711988,52.2771949193371,substation,220000;110000,50,Station Ibbenbüren,Amprion,,SRID=4326;POINT(7.72570638711988 52.2771949193371)
290,14.2192283642215,51.1207080075153,substation,380000;110000,,Umspannwerk Schmölln,50Hertz;ENSO,,SRID=4326;POINT(14.2192283642215 51.1207080075153)
291,14.5700866006585,51.4190137129385,plant,,,Kraftwerk Boxberg,Vattenfall Europe,,SRID=4326;POINT(14.5700866006585 51.4190137129385)
292,11.6441811640088,51.9085129245988,substation,220000;110000,50,Umspannwerk Förderstedt,50Hertz,MD 38,SRID=4326;POINT(11.6441811640088 51.9085129245988)
293,11.4746908484648,50.6040154986165,plant,220000,50,Pumpspeicherkraftwerk Hohenwarte II,Vattenfall AG,,SRID=4326;POINT(11.4746908484648 50.6040154986165)
294,10.9910146509867,50.5735270149254,substation,380000;110000,50,Umspannwerk Altenfeld,50Hertz,,SRID=4326;POINT(10.9910146509867 50.5735270149254)
295,10.5054991845412,52.3018379177997,substation,220000,,Umspannwerk Braunschweig Nord,EON_Netz,,SRID=4326;POINT(10.5054991845412 52.3018379177997)
296,9.11362801252575,52.5457924965917,plant,,,Kraftwerk Robert Frank,Statkraft Germany,,SRID=4326;POINT(9.11362801252575 52.5457924965917)
297,10.369230142447,52.1670924591566,substation,220000;110000,50,Salzgitter-Hallendorf,TenneT;EON_Netz,,SRID=4326;POINT(10.369230142447 52.1670924591566)
298,10.4195406715655,52.236960686926,substation,220000,,Gleidingen 220 kV,TenneT,,SRID=4326;POINT(10.4195406715655 52.236960686926)
299,10.0876468394791,52.3151305685128,substation,220000;110000,,Mehrum (220 kV),,,SRID=4326;POINT(10.0876468394791 52.3151305685128)
300,8.40314145213673,52.609644032024,substation,220000;110000,50,Station Sankt Hülfe,Amprion,,SRID=4326;POINT(8.40314145213673 52.609644032024)
301,10.2358631776837,52.2934595593518,substation,380000;110000,50,Klein Ilsede,,U4,SRID=4326;POINT(10.2358631776837 52.2934595593518)
302,9.51424013881917,51.2590355982966,substation,380000;110000,,Umspannwerk Bergshausen,TenneT,,SRID=4326;POINT(9.51424013881917 51.2590355982966)
303,9.38765132401603,51.6407335383064,substation,380000;220000;110000,,Umspannanlage Würgassen,Tennet TSO,,SRID=4326;POINT(9.38765132401603 51.6407335383064)
304,9.77415048127863,50.5287496740774,substation,380000;110000,50,UW Dipperz,Tennet,,SRID=4326;POINT(9.77415048127863 50.5287496740774)
305,9.17745969579698,49.0378098900202,substation,380000;110000,50;16.7,Umrichterwerk Neckarwestheim,DB Energie GmbH,,SRID=4326;POINT(9.17745969579698 49.0378098900202)
306,9.17731116526151,49.0393782085421,substation,380000,,Gemeinschaftskraftwerk Neckarwestheim 2,,,SRID=4326;POINT(9.17731116526151 49.0393782085421)
307,9.15135403252636,49.1433834351561,substation,380000;220000;110000,,380-kV-Umspannwerk Großgartach,,,SRID=4326;POINT(9.15135403252636 49.1433834351561)
308,10.1878290378895,49.9812166954503,substation,380000,,Grafenrheinfeld,,GR,SRID=4326;POINT(10.1878290378895 49.9812166954503)
309,9.44691873439718,49.5902629413636,substation,380000;110000,50,Umspannwerk Höpfingen,EnBW,,SRID=4326;POINT(9.44691873439718 49.5902629413636)
310,9.20736452076848,49.176638012732,generator,,,,,,SRID=4326;POINT(9.20736452076848 49.176638012732)
311,9.69465642193277,49.232592562812,substation,380000;110000,50,Umspannwerk Kupferzell,EnBW,,SRID=4326;POINT(9.69465642193277 49.232592562812)
312,10.1174867467825,48.8971053680956,substation,380000;220000;110000,,Umspannwerk Goldshöfe,EnBW,,SRID=4326;POINT(10.1174867467825 48.8971053680956)
314,10.8675659384379,48.5394691326321,substation,380000,,Station Meitingen,Net,,SRID=4326;POINT(10.8675659384379 48.5394691326321)
315,10.8408696020982,48.2380310170111,substation,380000;220000;110000,50,Umspannwerk Oberottmarshausen,Lech-Elektrizitätswerke,173A,SRID=4326;POINT(10.8408696020982 48.2380310170111)
316,10.9367289569552,48.401306480313,substation,380000;110000,50,Umspannwerk Lechhausen; Übernahmestation Lechhausen,Lechwerke;Stadtwerke Augsburg,613 U;1000,SRID=4326;POINT(10.9367289569552 48.401306480313)
317,10.8739358089409,47.2444239523258,substation,380000;220000;110000,50,APG Umspannwerk Westtirol,Austrian Power Grid AG,,SRID=4326;POINT(10.8739358089409 47.2444239523258)
318,10.8637616674018,48.5468231412265,substation,380000;110000,,Umspannwerk Meitingen,Elektrizitätswerke Augsburg,122 U,SRID=4326;POINT(10.8637616674018 48.5468231412265)
319,9.70421892134793,48.4649756550866,substation,380000;110000,50,EnBW Umspannwerk Laichingen,EnBW,,SRID=4326;POINT(9.70421892134793 48.4649756550866)
320,9.40058897366435,48.6669524232075,substation,380000;220000;110000,,EnBW Umspannwerk Wendlingen,,,SRID=4326;POINT(9.40058897366435 48.6669524232075)
321,7.57243737559791,48.0188750160839,substation,400000,,Poste électrique de Vogelgrun,,,SRID=4326;POINT(7.57243737559791 48.0188750160839)
322,7.75186259053916,48.0964057598548,substation,220000;110000,50,220-kV-Umspannwerk Eichstetten,EnBW,,SRID=4326;POINT(7.75186259053916 48.0964057598548)
323,12.4772465439526,50.753120094381,substation,220000;110000,50,Crossen,50Hertz,,SRID=4326;POINT(12.4772465439526 50.753120094381)
324,14.9464971571741,51.0625863042971,substation,380000;110000,50,Umspannwerk Hagenwerder,50Hertz,HGW,SRID=4326;POINT(14.9464971571741 51.0625863042971)
325,15.1149656392042,51.0905747712724,substation,400000;220000;110000,,Stacja elektroenergetyczna „Mikułowa” 400/220/110 kV,PSE Operator,MIK,SRID=4326;POINT(15.1149656392042 51.0905747712724)
326,13.8412681302394,50.9901759706559,substation,380000;110000,50,Umspannwerk DD-Süd,Vattenfall;ENSO Strom AG;DREWAG,,SRID=4326;POINT(13.8412681302394 50.9901759706559)
327,13.255555029778,50.9301782754208,substation,380000,50,Freiberg/Nord (380 kV),50Hertz Transmission,,SRID=4326;POINT(13.255555029778 50.9301782754208)
328,13.0818771402069,48.2565212678656,substation,,,Umspannwerk St. Peter,Austrian Power Grid AG,,SRID=4326;POINT(13.0818771402069 48.2565212678656)
329,13.0027821493857,48.2619682848282,substation,220000,,Umspannwerk Simbach,'Tennet, E.on Netz',,SRID=4326;POINT(13.0027821493857 48.2619682848282)
330,12.2208353829454,48.585732999856,substation,220000;110000,50,Umspannwerk Altheim,'TenneT TSO GmbH, E.ON Netz GmbH',AHM,SRID=4326;POINT(12.2208353829454 48.585732999856)
331,12.7474625154349,48.1487453495297,substation,220000;110000,50,Umspannwerk Pirach,'TenneT TSO GmbH, E.ON Netz GmbH',PI,SRID=4326;POINT(12.7474625154349 48.1487453495297)
332,13.1034346835086,48.6667929839894,substation,380000;220000;110000,50,Umspannwerk Pleinting,'TenneT TSO GmbH, E.ON Netz GmbH',PT,SRID=4326;POINT(13.1034346835086 48.6667929839894)
333,9.19699688149761,54.8510976310855,substation,380000;110000;20000,50,Umspannwerk Jardelund,TenneT,,SRID=4326;POINT(9.19699688149761 54.8510976310855)
334,11.1937143678616,50.162202113478,substation,380000;110000,,Umspannwerk Redwitz,,RED,SRID=4326;POINT(11.1937143678616 50.162202113478)
335,10.8360157761226,49.9280674466811,substation,380000,,Umspannwerk Oberhaid,TenneT TSO GmbH,OD,SRID=4326;POINT(10.8360157761226 49.9280674466811)
336,11.8107025878306,50.1837655408821,substation,380000;220000;110000,50,Umspannwerk Mechlenreuth,TenneT TSO GmbH;E.ON Netz GmbH,MH,SRID=4326;POINT(11.8107025878306 50.1837655408821)
337,12.2968838072508,48.6069099365163,substation,380000,,Isar,,IS,SRID=4326;POINT(12.2968838072508 48.6069099365163)
338,12.082254511457,49.2974477819197,substation,380000;220000;110000,50,Schwandorf,'TenneT TSO GmbH, E.ON Netz GmbH',SD,SRID=4326;POINT(12.082254511457 49.2974477819197)
339,8.95368125793136,49.5674432054231,substation,220000;110000,50,Beerfelden,,,SRID=4326;POINT(8.95368125793136 49.5674432054231)
341,12.2488239333733,51.197882455184,substation,220000;110000,50,Umspannwerk Großdalzig,50Hertz Transmission;enviaM,,SRID=4326;POINT(12.2488239333733 51.197882455184)
342,10.7346694131288,51.4401867876631,substation,220000,50,Wolkramshausen (220 kV),50Hertz,WK,SRID=4326;POINT(10.7346694131288 51.4401867876631)
343,11.0049169401521,50.5074149865379,substation,380000,50,Pumpspeicherwerk Goldisthal,,,SRID=4326;POINT(11.0049169401521 50.5074149865379)
344,13.0025899280761,50.8659127554399,substation,220000;110000,50,Niederwiesa,eins-Energie,Nws,SRID=4326;POINT(13.0025899280761 50.8659127554399)
345,12.2428369607183,50.5674531847227,substation,220000;110000,50,Umspannwerk Herlasgrün,50Hertz;enviaM,Her,SRID=4326;POINT(12.2428369607183 50.5674531847227)
346,13.2490284051015,52.5316239158784,substation,380000;110000,50,Umspannwerk Reuter,50Hertz,,SRID=4326;POINT(13.2490284051015 52.5316239158784)
347,13.3155159230367,52.521999382843,substation,380000;110000,50,Umspannwerk Charlottenburg,50Hertz,,SRID=4326;POINT(13.3155159230367 52.521999382843)
348,13.3686540366335,52.5031475699387,substation,380000;110000,,Berlin/Mitte,50Hertz;Stromnetz Berlin,,SRID=4326;POINT(13.3686540366335 52.5031475699387)
349,11.7924138767477,48.8382240603814,substation,220000;110000,,Umspannwerk Sittling,TenneT TSO GmbH;E.ON Netz GmbH,SIT,SRID=4326;POINT(11.7924138767477 48.8382240603814)
350,11.3269542156337,49.3934813535393,substation,220000;110000,50,Umspannwerk Ludersheim,TenneT TSO GmbH;E.ON Netz GmbH,LU,SRID=4326;POINT(11.3269542156337 49.3934813535393)
351,11.5077306291349,48.7611239826781,substation,380000;220000;110000,50,Ingolstadt,,IN,SRID=4326;POINT(11.5077306291349 48.7611239826781)
352,11.8076056990284,48.4554268046327,substation,220000;110000,,Zolling - Irsching,,ZOL,SRID=4326;POINT(11.8076056990284 48.4554268046327)
353,11.5813705373931,48.7648940914575,substation,380000;220000;110000,50,Irsching,,IRS,SRID=4326;POINT(11.5813705373931 48.7648940914575)
354,11.6393121226285,48.1787834513521,substation,380000;110000,50,Föhring,,,SRID=4326;POINT(11.6393121226285 48.1787834513521)
355,6.17791450795649,49.9530651407752,substation,220000,,Vianden,SEO,,SRID=4326;POINT(6.17791450795649 49.9530651407752)
356,6.21102035001899,49.958625762817,substation,220000,50,SA Bauler,Amprion,,SRID=4326;POINT(6.21102035001899 49.958625762817)
357,6.11451707744375,49.9053646883447,substation,220000;65000,,Flebour,,,SRID=4326;POINT(6.11451707744375 49.9053646883447)
358,6.08346046717716,49.7764406544559,substation,220000;65000,,Roost,,,SRID=4326;POINT(6.08346046717716 49.7764406544559)
359,6.27694180505096,49.1977400931517,substation,400000;225000,,Poste électrique de Vigy,RTE,,SRID=4326;POINT(6.27694180505096 49.1977400931517)
360,6.77320788478575,49.2910742282334,substation,380000;220000;110000,50,Umspannanlage Ensdorf,,,SRID=4326;POINT(6.77320788478575 49.2910742282334)
361,6.70365123666852,49.1385106493524,substation,400000;225000;63000,,Poste électrique de Saint-Avold,RTE,,SRID=4326;POINT(6.70365123666852 49.1385106493524)
362,8.04936553586669,47.5508771216161,substation,380000;220000,50,Laufenburg,,,SRID=4326;POINT(8.04936553586669 47.5508771216161)
363,7.50006180009675,51.5351741198659,substation,220000,50,Ratsbusch,,,SRID=4326;POINT(7.50006180009675 51.5351741198659)
364,6.97593259448086,51.0376007513607,substation,220000;110000,,Station Dhünnaue,,,SRID=4326;POINT(6.97593259448086 51.0376007513607)
365,13.2428490525397,52.534954010528,generator,,,Heizkraftwerk Reuter West,,,SRID=4326;POINT(13.2428490525397 52.534954010528)
366,8.56218199023421,49.1329499430444,substation,380000;110000,50,Umspannwerk Bruchsal-Kändelweg,EnBW;TransnetBW;NetzeBW,,SRID=4326;POINT(8.56218199023421 49.1329499430444)
367,8.44131550430227,49.2514026918789,substation,380000,50,Philippsburg 380 kV,EnBW,,SRID=4326;POINT(8.44131550430227 49.2514026918789)
368,7.94281005788411,47.6530213753111,plant,,,Kavernenkraftwerk Wehr,,,SRID=4326;POINT(7.94281005788411 47.6530213753111)
369,9.06879107734103,53.5666414353503,substation,380000;110000,50,Alfstedt,EON_Netz,,SRID=4326;POINT(9.06879107734103 53.5666414353503)
370,6.74137616899692,49.3574919769119,substation,220000,50,UA Dillinger Hütte Mitte,,,SRID=4326;POINT(6.74137616899692 49.3574919769119)
371,6.74970012443072,49.3651763762001,substation,220000,50,UA Obergraben,Amprion,,SRID=4326;POINT(6.74970012443072 49.3651763762001)
372,6.76601568493305,49.3600771974691,substation,220000;110000,50,Station Saarwellingen,Amprion,,SRID=4326;POINT(6.76601568493305 49.3600771974691)
373,12.1504016727645,49.0127518366844,substation,220000,,Umspannwerk Regensburg,'TenneT TSO GmbH, E.ON Netz GmbH',RE,SRID=4326;POINT(12.1504016727645 49.0127518366844)
374,7.59135990137681,51.9284416773768,substation,220000;110000,50,Station Münster,RWE,,SRID=4326;POINT(7.59135990137681 51.9284416773768)
375,8.45163254550249,49.0073972031011,substation,220000;110000,50,Umspannwerk Karlsruhe-Ost,Transnet BW;Stadtwerke Karlsruhe,,SRID=4326;POINT(8.45163254550249 49.0073972031011)
376,8.99620820363651,52.3795880192563,substation,380000,50,KW Heyden,,,SRID=4326;POINT(8.99620820363651 52.3795880192563)
377,9.56282339901178,48.7014898485108,substation,380000;110000,50,EnBW Umspannwerk Bünzwangen,EnBW,BZW,SRID=4326;POINT(9.56282339901178 48.7014898485108)
378,9.3709192851844,48.7191279915177,substation,380000;110000,50,EnBW Umspannwerk Altbach 1,,,SRID=4326;POINT(9.3709192851844 48.7191279915177)
379,9.37760581754005,48.8126068944115,substation,380000;110000,,EnBW Umspannwerk Endersbach,Netze BW,,SRID=4326;POINT(9.37760581754005 48.8126068944115)
380,9.82158388744515,52.4248552966861,substation,220000;110000,50,Lahe,enercity Netzgesellschaft mbH,LAH,SRID=4326;POINT(9.82158388744515 52.4248552966861)
381,9.07622547939074,49.3633869809985,substation,220000;110000,50,Obrigheim,,,SRID=4326;POINT(9.07622547939074 49.3633869809985)
382,10.1603033138907,49.9891567446732,substation,380000;220000;110000,50,Umspannwerk Bergrheinfeld,TenneT TSO GmbH,BRF,SRID=4326;POINT(10.1603033138907 49.9891567446732)
383,10.1964916419935,50.0279724289148,substation,220000;110000,50,Schweinfurt,,,SRID=4326;POINT(10.1964916419935 50.0279724289148)
384,10.8431178304875,49.3786927451193,substation,380000;220000;110000,50,Umspannwerk Raitersaich,TenneT TSO GmbH;E.ON Netz GmbH,RAI,SRID=4326;POINT(10.8431178304875 49.3786927451193)
385,9.09051758008411,49.970041398809,substation,380000;220000;110000,50,Umspannwerk Aschaffenburg,TenneT TSO GmbH;E.ON Netz GmbH,AS,SRID=4326;POINT(9.09051758008411 49.970041398809)
386,8.81399422708791,51.9834366629029,substation,220000;110000,50,Umspannwerk Lage,,,SRID=4326;POINT(8.81399422708791 51.9834366629029)
387,8.9322184779311,52.1933124598334,substation,220000;110000,50,UW Veltheim,Westfalen Weser Netz GmbH,,SRID=4326;POINT(8.9322184779311 52.1933124598334)
388,8.95904416676652,52.2784949940029,substation,220000;110000,50,Umspannwerk Meißen,EON_WestfalenWeser,,SRID=4326;POINT(8.95904416676652 52.2784949940029)
389,9.59430167337064,49.7984427353847,substation,220000;110000,50,Umspannwerk Trennfeld,TenneT TSO GmbH;E.ON Netz GmbH,TRE,SRID=4326;POINT(9.59430167337064 49.7984427353847)
390,10.9729039325696,49.5585074124969,substation,380000;110000,50,Kriegenbrunn,EON_Netz,KRI,SRID=4326;POINT(10.9729039325696 49.5585074124969)
391,8.95464418290241,50.0860157590432,substation,220000;110000,50,Kraftwerkseinspeisung Staudinger,,,SRID=4326;POINT(8.95464418290241 50.0860157590432)
392,7.17590444499639,51.4755782661564,substation,220000,,UW Stahlwerk ThyssenKrupp Nirosta,,,SRID=4326;POINT(7.17590444499639 51.4755782661564)
393,10.2316415853389,48.5297622821597,substation,380000;110000,50,Umspannwerk Niederstotzingen,EnBW,,SRID=4326;POINT(10.2316415853389 48.5297622821597)
394,10.2224358208891,48.7367219779685,substation,380000;110000,50,Umspannwerk Rotensohl,EnBW,,SRID=4326;POINT(10.2224358208891 48.7367219779685)
395,9.64533508631729,47.744596124126,substation,380000;110000,50,380kV-Umspannwerk Grünkraut,,,SRID=4326;POINT(9.64533508631729 47.744596124126)
396,10.4015869070369,48.509929747715,substation,380000;110000,50,Gundremmingen,LEW,Station 179 U,SRID=4326;POINT(10.4015869070369 48.509929747715)
397,8.80962335538861,50.2034747936076,substation,380000;110000,,Umspannwerk Karben,TenneT,,SRID=4326;POINT(8.80962335538861 50.2034747936076)
398,9.72592506135105,54.2877858945732,substation,380000;110000,50,Audorf,TenneT,,SRID=4326;POINT(9.72592506135105 54.2877858945732)
399,9.09711497138979,48.8277733233867,substation,220000;110000,,Umspannwerk Weilimdorf,,,SRID=4326;POINT(9.09711497138979 48.8277733233867)
400,8.62886498196432,51.9936340947976,substation,220000;110000,50,Umspannwerk Bielefeld Ost,Stadtwerke Bielefeld GmbH,,SRID=4326;POINT(8.62886498196432 51.9936340947976)
401,10.0604081360095,54.3487708354365,substation,220000;110000,50,Umspannwerk Kiel West,TenneT,,SRID=4326;POINT(10.0604081360095 54.3487708354365)
402,9.44963659025525,53.9672865006218,substation,220000;110000,50,Itzehoe/West,TenneT,,SRID=4326;POINT(9.44963659025525 53.9672865006218)
403,8.25885999852837,47.634211656147,substation,380000;220000;110000,50,Tiengen,Amprion,,SRID=4326;POINT(8.25885999852837 47.634211656147)
404,8.23211264237636,47.5560892850149,substation,380000;220000,,Beznau,,,SRID=4326;POINT(8.23211264237636 47.5560892850149)
406,8.8615258022405,47.8064353563593,substation,220000;110000,50,Beuren,,,SRID=4326;POINT(8.8615258022405 47.8064353563593)
407,13.1456729795316,55.5016026150068,substation,400000;130000,,,,,SRID=4326;POINT(13.1456729795316 55.5016026150068)
408,10.802357996432,53.897547454034,substation,380000;110000,,HGÜ Baltic-Cable - Stromrichterstation Herrenwyk,,,SRID=4326;POINT(10.802357996432 53.897547454034)
409,9.21565020993259,48.8523053561223,substation,380000;110000,50,Umspannwerk Mühlhausen,EnBW AG,,SRID=4326;POINT(9.21565020993259 48.8523053561223)
410,10.4012810931809,48.5146095739848,plant,,,Kernkraftwerk Gundremmingen,,KRB,SRID=4326;POINT(10.4012810931809 48.5146095739848)
411,8.7375726951153,51.7001693121241,substation,220000;110000,50,Umspannwerk Paderborn Süd,TenneT,,SRID=4326;POINT(8.7375726951153 51.7001693121241)
412,10.6414677999401,53.9191626781128,substation,220000;110000,50,Lübeck,TenneT;Schleswig-Holstein Netz,,SRID=4326;POINT(10.6414677999401 53.9191626781128)
413,8.67371735734288,49.2904393997661,substation,380000;220000;110000,50,Umspannwerk Wiesloch,EnBW,,SRID=4326;POINT(8.67371735734288 49.2904393997661)
414,9.48789511822337,53.6365577774589,substation,220000,50,Götzdorf,,,SRID=4326;POINT(9.48789511822337 53.6365577774589)
415,9.49151084954643,53.658098307544,substation,220000,50,Abbenfleth,TenneT,,SRID=4326;POINT(9.49151084954643 53.658098307544)
416,7.47224785884145,47.6466324195086,substation,400000,,Poste électrique de Sierentz,,,SRID=4326;POINT(7.47224785884145 47.6466324195086)
417,13.4428542096901,48.4345464156274,substation,220000,,Freiluftschaltanlage KW Schärding-Neuhaus,,,SRID=4326;POINT(13.4428542096901 48.4345464156274)
418,13.7106901435785,48.5193051781923,substation,220000,,Jochenstein,,,SRID=4326;POINT(13.7106901435785 48.5193051781923)
419,6.02502881768955,54.3540286881643,substation,150000,,BorWin Alpha,BARD Engineering,,SRID=4326;POINT(6.02502881768955 54.3540286881643)
420,6.02503294993986,54.3549329994864,substation,150000,,BorWin Beta,,,SRID=4326;POINT(6.02503294993986 54.3549329994864)
421,9.09183530449903,49.2946188998807,substation,380000;220000;110000,50,Umspannwerk Hüffenhardt,,,SRID=4326;POINT(9.09183530449903 49.2946188998807)
422,8.66378320316657,49.3600874127032,substation,220000;110000,50,Umspannanlage Heidelberg-Süd,Stadtwerke Heidelberg Netze GmbH,,SRID=4326;POINT(8.66378320316657 49.3600874127032)
423,7.95921954402561,47.5783599815231,plant,,,Kavernenkraftwerk Säckingen,Schluchseewerk AG,,SRID=4326;POINT(7.95921954402561 47.5783599815231)
424,8.34912613148193,49.0130521548118,substation,220000;110000,50,Karlsruhe-West,,,SRID=4326;POINT(8.34912613148193 49.0130521548118)
425,10.4203896078253,52.1652004518716,substation,220000;110000,50,,Salzgitter AG,,SRID=4326;POINT(10.4203896078253 52.1652004518716)
426,10.3884722351089,52.1513649609601,substation,220000,,,,,SRID=4326;POINT(10.3884722351089 52.1513649609601)
427,8.30626269672421,49.0128258799272,substation,380000,50,,EnBW AG,,SRID=4326;POINT(8.30626269672421 49.0128258799272)
429,6.21619298912827,50.9123618338628,substation,380000;110000,50,Siersdorf,,,SRID=4326;POINT(6.21619298912827 50.9123618338628)
430,5.91852741859707,51.148426414922,substation,380000,,380kV Maasbracht,TenneT,,SRID=4326;POINT(5.91852741859707 51.148426414922)
431,6.2140153990158,50.943899913974,auxillary_T_node,380000,50,Kirchberg Süd,Amprion,,SRID=4326;POINT(6.2140153990158 50.943899913974)
432,10.9662584489437,47.2695305015289,substation,220000;110000,,,TIWAG-Netz AG,,SRID=4326;POINT(10.9662584489437 47.2695305015289)
433,11.277721100358,47.4958727068203,substation,220000;110000,50,Umspannwerk Krün,E.ON Netz GmbH,,SRID=4326;POINT(11.277721100358 47.4958727068203)
434,11.2869439219167,47.4928625176028,auxillary_T_node,220000,50,Silz (AT) - Krün (DE) - Oberbrunn,,250;251,SRID=4326;POINT(11.2869439219167 47.4928625176028)
435,13.5053369296479,52.4747789067655,auxillary_T_node,220000,50,302 Marzahn - Thyrow,50Hertz,302,SRID=4326;POINT(13.5053369296479 52.4747789067655)
438,8.24872907301797,48.846316555802,substation,220000;110000,50,220-kV-Umspannwerk Kuppenheim,,,SRID=4326;POINT(8.24872907301797 48.846316555802)
439,8.24975045659741,48.8491773731136,auxillary_T_node,220000,50,Daxlanden - Weier,EnBW,DAXLA-KUMRA-WEIER,SRID=4326;POINT(8.24975045659741 48.8491773731136)
440,9.45967747872262,53.8646575042439,auxillary_T_node,220000,50,202,TenneT,202,SRID=4326;POINT(9.45967747872262 53.8646575042439)
441,11.4703941444441,50.9303902644171,substation,380000;110000,50,Großschwabhausen,50Hertz;EON_TEAG,,SRID=4326;POINT(11.4703941444441 50.9303902644171)
442,11.4299065773025,50.9114464610955,auxillary_T_node,380000,50,415,50Hertz,415,SRID=4326;POINT(11.4299065773025 50.9114464610955)
443,7.25465688214231,53.0266716315927,substation,380000,50,Umspannwerk Rhede,TenneT,RHED,SRID=4326;POINT(7.25465688214231 53.0266716315927)
444,7.25501782522347,53.0267136928067,auxillary_T_node,380000,50,Emsland West,Amprion;TenneT,305,SRID=4326;POINT(7.25501782522347 53.0267136928067)
445,7.37185639416872,52.1977067098446,auxillary_T_node,220000,50,Amelsbüren,Amprion,,SRID=4326;POINT(7.37185639416872 52.1977067098446)
446,13.3998288327093,53.7944478091186,substation,220000,50,Umspannwerk Windpark Iven,50Hertz Transmission,,SRID=4326;POINT(13.3998288327093 53.7944478091186)
447,13.3984709179978,53.7933318754816,auxillary_T_node,220000,50,316,50Hertz Transmission,316,SRID=4326;POINT(13.3984709179978 53.7933318754816)
448,7.42474524551043,51.4592583943398,auxillary_T_node,380000,50,Schwerterheide Nord,Amprion,,SRID=4326;POINT(7.42474524551043 51.4592583943398)
449,7.12336046768833,51.4473443869048,auxillary_T_node,380000,50,Oerkhaus West,Amprion,,SRID=4326;POINT(7.12336046768833 51.4473443869048)
450,7.41670797342798,51.4570521949625,substation,380000;220000;110000,50,Station Kruckel,RWE;DSW 21; AVU,,SRID=4326;POINT(7.41670797342798 51.4570521949625)
451,7.41658270368128,51.4607824146291,auxillary_T_node,380000,50,Witten West,Amprion,,SRID=4326;POINT(7.41658270368128 51.4607824146291)
452,6.53175004088497,50.3900513143006,substation,380000;110000,,Station Dahlem,Amprion; Westnetz,,SRID=4326;POINT(6.53175004088497 50.3900513143006)
453,6.53303662114797,50.3922427776709,auxillary_T_node,380000,50,Selhausen West,Amprion,,SRID=4326;POINT(6.53303662114797 50.3922427776709)
454,6.60879226770999,51.0346787720857,auxillary_T_node,380000,50,Neurath 2b,Amprion,,SRID=4326;POINT(6.60879226770999 51.0346787720857)
455,6.80890626354321,51.2686076250227,substation,380000,50,Station Rath,,,SRID=4326;POINT(6.80890626354321 51.2686076250227)
456,6.72033167479422,51.3441235773954,auxillary_T_node,380000,50,Meerbusch West,Amprion,,SRID=4326;POINT(6.72033167479422 51.3441235773954)
457,7.13937482408986,51.5608313916517,auxillary_T_node,220000,50,Hochlarmark West,Amprion,,SRID=4326;POINT(7.13937482408986 51.5608313916517)
458,7.41946378046051,51.4575100936229,auxillary_T_node,220000,50,Haarstrang Ost,Amprion,,SRID=4326;POINT(7.41946378046051 51.4575100936229)
459,7.19597934376965,51.4115753101187,substation,220000,,Station Welper,RWE,,SRID=4326;POINT(7.19597934376965 51.4115753101187)
460,7.17920271018964,51.4218244823956,auxillary_T_node,220000,50,Welper Ost,Amprion,,SRID=4326;POINT(7.17920271018964 51.4218244823956)
461,7.3242796091518,51.6213875062827,substation,220000,50,Rheinzink,,,SRID=4326;POINT(7.3242796091518 51.6213875062827)
462,7.34371343395865,51.6131049996992,auxillary_T_node,220000,50,Elmenhorst Süd,Amprion,,SRID=4326;POINT(7.34371343395865 51.6131049996992)
463,6.52272548882226,51.3224954692993,auxillary_T_node,220000,50,Utfort West,Amprion,,SRID=4326;POINT(6.52272548882226 51.3224954692993)
464,6.96330548818137,50.8337629358461,substation,220000;110000,50,Station Bollenacker,RWE,,SRID=4326;POINT(6.96330548818137 50.8337629358461)
465,6.92909269080674,50.8441529722133,auxillary_T_node,220000,50,Godorf Ost,Amprion,,SRID=4326;POINT(6.92909269080674 50.8441529722133)
466,7.09582677727405,50.8268716856964,substation,220000;110000,,Station Stockem,Westnetz,,SRID=4326;POINT(7.09582677727405 50.8268716856964)
467,7.09435799941442,50.8269670893312,auxillary_T_node,220000,50,Gremberghoven Ost,Amprion,,SRID=4326;POINT(7.09435799941442 50.8269670893312)
468,6.57729059429417,51.5563912150336,substation,220000;110000,50,Station Ossenberg,Amprion,,SRID=4326;POINT(6.57729059429417 51.5563912150336)
469,6.65066750417381,51.5537022721424,auxillary_T_node,220000,50,Wesel Ost,Amprion,,SRID=4326;POINT(6.65066750417381 51.5537022721424)
470,7.82599052323945,51.7500676098869,auxillary_T_node,380000,50,Uentrop Nord,Amprion,,SRID=4326;POINT(7.82599052323945 51.7500676098869)
471,6.9289790539233,50.8438170036629,auxillary_T_node,220000,50,Olefin West,Amprion,,SRID=4326;POINT(6.9289790539233 50.8438170036629)
472,7.99395917605221,51.8230954379067,substation,380000;110000,50,Station Enniger,Amprion,,SRID=4326;POINT(7.99395917605221 51.8230954379067)
473,7.83402083305878,51.7550404020937,auxillary_T_node,380000,50,Gersteinwerk Ost,Amprion,,SRID=4326;POINT(7.83402083305878 51.7550404020937)
474,9.14517688151449,52.8532464493029,substation,220000;110000,50,Wechold,TenneT TSO GmbH;Avacon AG,,SRID=4326;POINT(9.14517688151449 52.8532464493029)
475,9.13794801567189,52.8470269944345,auxillary_T_node,220000,50,Leitung 2010/2023,TenneT,1,SRID=4326;POINT(9.13794801567189 52.8470269944345)
476,8.31888929686007,52.0660374671048,substation,220000;110000,50,Station Hesseln,RWE,,SRID=4326;POINT(8.31888929686007 52.0660374671048)
477,8.33466775124759,52.0705200978987,auxillary_T_node,220000,50,Halle West,Amprion,,SRID=4326;POINT(8.33466775124759 52.0705200978987)
478,7.98187840842773,51.6766515664854,auxillary_T_node,380000,50,Geithe West,Amprion,,SRID=4326;POINT(7.98187840842773 51.6766515664854)
479,9.92382990036197,51.8975617892672,substation,220000,50,Erzhausen,,,SRID=4326;POINT(9.92382990036197 51.8975617892672)
480,9.8524162497002,51.8987653028483,auxillary_T_node,220000,50,Leitung 2030/2001,TenneT,2030/2001,SRID=4326;POINT(9.8524162497002 51.8987653028483)
481,9.41368131072443,52.0274828920508,auxillary_T_node,380000,50,Leitung 3019/3026/3027,,3019;3026;3027,SRID=4326;POINT(9.41368131072443 52.0274828920508)
482,10.3552149923206,52.1758110157759,auxillary_T_node,220000,50,Leitung 2019/2027/2029,TenneT,2,SRID=4326;POINT(10.3552149923206 52.1758110157759)
483,10.7027320091441,47.8264598353378,substation,380000;110000,50,Umspannwerk Bidingen Nr. 697 S,LEW,,SRID=4326;POINT(10.7027320091441 47.8264598353378)
484,10.7037422782749,47.826415980499,auxillary_T_node,380000,,K12,,,SRID=4326;POINT(10.7037422782749 47.826415980499)
485,10.1949335038034,47.9709369066385,substation,220000;110000,50,Umspannwerk Memmingen,LEW,,SRID=4326;POINT(10.1949335038034 47.9709369066385)
486,10.6412868211872,48.027451234708,substation,220000;110000,50,Umspannstation Irsingen,,,SRID=4326;POINT(10.6412868211872 48.027451234708)
487,10.6418026309511,48.0258492685192,auxillary_T_node,220000,,,,O11,SRID=4326;POINT(10.6418026309511 48.0258492685192)
488,8.67009930715852,49.3092022842852,auxillary_T_node,380000,,HD-Neurott - Hüffenhardt,,,SRID=4326;POINT(8.67009930715852 49.3092022842852)
489,9.22808876359609,51.8124534028391,substation,380000;110000,,Vörden,transpower,,SRID=4326;POINT(9.22808876359609 51.8124534028391)
490,9.23187011256161,51.810119094224,auxillary_T_node,380000,,,TenneT,3012,SRID=4326;POINT(9.23187011256161 51.810119094224)
491,10.2341629653667,48.5289320988725,auxillary_T_node,380000,50,Delmensingen - Niederstotzingen - Rotensohl,,,SRID=4326;POINT(10.2341629653667 48.5289320988725)
492,8.73513579910005,50.1591915696539,substation,220000;110000,,Umspannwerk Frankfurt Nord,TenneT;Mainova,,SRID=4326;POINT(8.73513579910005 50.1591915696539)
493,8.87225969129667,50.129725329782,substation,110000,50,Dörnigheim 110 kV,EON_Netz,DOEH,SRID=4326;POINT(8.87225969129667 50.129725329782)
494,8.74326061918,50.1623379810729,auxillary_T_node,220000,,Staudinger - Dörnigheim - Frankfurt Nord,,,SRID=4326;POINT(8.74326061918 50.1623379810729)
496,7.44948701423191,50.4025259728409,substation,380000;220000;110000,50,Station Weißenthurm,Amprion,,SRID=4326;POINT(7.44948701423191 50.4025259728409)
497,6.68146365257697,51.5776527635093,plant,,,Kraftwerk Voerde,evonik,,SRID=4326;POINT(6.68146365257697 51.5776527635093)
498,6.13982051606053,49.6685969450672,substation,65000;220000;380000,50,Station Heisdorf,,,SRID=4326;POINT(6.13982051606053 49.6685969450672)
499,12.0074138795974,55.4515085212621,substation,400000,,Bjæverskov HVDC Kontek,Energinet.dk,,SRID=4326;POINT(12.0074138795974 55.4515085212621)
500,12.3374245625186,51.1969579483496,substation,380000;110000,,Pulgar,50 Hertz Transmission;Stadtwerke Leipzig,,SRID=4326;POINT(12.3374245625186 51.1969579483496)
501,7.7525434408724,47.5391133569052,substation,380000,,Asphard,ALPIQ AXPO,,SRID=4326;POINT(7.7525434408724 47.5391133569052)
502,10.6642589717763,49.9799858916058,substation,380000;110000,,Umspannwerk Eltmann,Bayernwerk AG,ELT,SRID=4326;POINT(10.6642589717763 49.9799858916058)
503,11.106734232098,49.9790817250407,substation,,,Umspannwerk Würgau,TenneT TSO GmbH,WG,SRID=4326;POINT(11.106734232098 49.9790817250407)
504,8.61862776799214,50.0922498216736,substation,380000,50,Umspannwerk Frankfurt Südwest,,,SRID=4326;POINT(8.61862776799214 50.0922498216736)
505,7.97775309227087,47.3672238510066,substation,,,Gösgen,,,SRID=4326;POINT(7.97775309227087 47.3672238510066)
506,8.18338852854702,47.5989602180392,substation,380000,,Leibstadt,,,SRID=4326;POINT(8.18338852854702 47.5989602180392)
507,8.18355961654331,47.601323769444,plant,,,Kernkraftwerk Leibstadt,,,SRID=4326;POINT(8.18355961654331 47.601323769444)
508,7.97117863459035,47.5457833450791,substation,,,Münchwilen,,,SRID=4326;POINT(7.97117863459035 47.5457833450791)
509,7.67266489314443,47.5201252480429,substation,220000,,Lachmatt,,,SRID=4326;POINT(7.67266489314443 47.5201252480429)
510,7.64882434914906,47.0942208251304,substation,,,Bickigen,,,SRID=4326;POINT(7.64882434914906 47.0942208251304)
511,7.25880632792152,47.3376495939671,substation,380000;220000,,Bassecourt,,,SRID=4326;POINT(7.25880632792152 47.3376495939671)
512,7.79188134171127,47.1549422792263,substation,220000,,Lindenholz,,,SRID=4326;POINT(7.79188134171127 47.1549422792263)
513,7.94658892662442,47.3175289476011,substation,,,Oftringen,,,SRID=4326;POINT(7.94658892662442 47.3175289476011)
514,7.97327497114949,47.365586324211,substation,,,,,,SRID=4326;POINT(7.97327497114949 47.365586324211)
515,9.04741271801621,51.1677872449186,substation,400000,,,E.ON Kraftwerke GmbH,,SRID=4326;POINT(9.04741271801621 51.1677872449186)
516,9.05036513764223,51.1673238667951,substation,380000,50,,,,SRID=4326;POINT(9.05036513764223 51.1673238667951)
517,8.65595014422814,50.6036046473842,substation,380000;110000,50,Umspannwerk Gießen Nord,,,SRID=4326;POINT(8.65595014422814 50.6036046473842)
518,9.25664124635274,51.0591793040546,auxillary_T_node,380000,50,,TenneT,3002,SRID=4326;POINT(9.25664124635274 51.0591793040546)
519,12.789238190432,50.6270562614499,substation,380000;110000,50,Umspannwerk Zwönitz,,Zw,SRID=4326;POINT(12.789238190432 50.6270562614499)
520,12.881244953781,50.518645665309,substation,380000,,Markersbach,,,SRID=4326;POINT(12.881244953781 50.518645665309)
521,12.8259720721456,50.656844395994,auxillary_T_node,380000,,,50Hertz,577,SRID=4326;POINT(12.8259720721456 50.656844395994)
522,14.604476638274,52.1744941686659,substation,380000;110000,50,Eisenhüttenstadt,50Hertz_Transmission;EON_edis,EH,SRID=4326;POINT(14.604476638274 52.1744941686659)
523,14.5112016636857,52.1616046052254,auxillary_T_node,380000,50,547 Neuenhagen - Preilack,50Hertz,547,SRID=4326;POINT(14.5112016636857 52.1616046052254)
